Domain Code,Domain,Area Code,Area,Element Code,Element,Item Code,Item,Year Code,Year,Unit,Value,Flag,Flag Description,Note
"OA","Annual population","16","Bangladesh","511","Total Population - Both sexes","3010","Population - Est. & Proj.","1950","1950","1000 persons","37894.681","X","International reliable sources","UNDESA, Population Division – World Population Prospects, the 2017 Revision"
"OA","Annual population","16","Bangladesh","512","Total Population - Male","3010","Population - Est. & Proj.","1950","1950","1000 persons","19784.466","X","International reliable sources",""
"OA","Annual population","16","Bangladesh","513","Total Population - Female","3010","Population - Est. & Proj.","1950","1950","1000 persons","18110.205","X","International reliable sources",""
"OA","Annual population","16","Bangladesh","551","Rural population","3010","Population - Est. & Proj.","1950","1950","1000 persons","36272.042","X","International reliable sources",""
"OA","Annual population","16","Bangladesh","561","Urban population","3010","Population - Est. & Proj.","1950","1950","1000 persons","1622.639","X","International reliable sources","UNDESA, Population Division – World Urbanization Prospects, the 2018 Revision"
"OA","Annual population","16","Bangladesh","511","Total Population - Both sexes","3010","Population - Est. & Proj.","1951","1951","1000 persons","38706.402","X","International reliable sources",""
"OA","Annual population","16","Bangladesh","512","Total Population - Male","3010","Population - Est. & Proj.","1951","1951","1000 persons","20196.002","X","International reliable sources",""
"OA","Annual population","16","Bangladesh","513","Total Population - Female","3010","Population - Est. & Proj.","1951","1951","1000 persons","18510.397","X","International reliable sources",""
"OA","Annual population","16","Bangladesh","551","Rural population","3010","Population - Est. & Proj.","1951","1951","1000 persons","37018.844","X","International reliable sources",""
"OA","Annual population","16","Bangladesh","561","Urban population","3010","Population - Est. & Proj.","1951","1951","1000 persons","1686.232","X","International reliable sources","UNDESA, Population Division – World Urbanization Prospects, the 2018 Revision"
"OA","Annual population","16","Bangladesh","511","Total Population - Both sexes","3010","Population - Est. & Proj.","1952","1952","1000 persons","39489.86","X","International reliable sources",""
"OA","Annual population","16","Bangladesh","512","Total Population - Male","3010","Population - Est. & Proj.","1952","1952","1000 persons","20592.724","X","International reliable sources",""
"OA","Annual population","16","Bangladesh","513","Total Population - Female","3010","Population - Est. & Proj.","1952","1952","1000 persons","18897.137","X","International reliable sources",""
"OA","Annual population","16","Bangladesh","551","Rural population","3010","Population - Est. & Proj.","1952","1952","1000 persons","37738.722","X","International reliable sources",""
"OA","Annual population","16","Bangladesh","561","Urban population","3010","Population - Est. & Proj.","1952","1952","1000 persons","1752.334","X","International reliable sources","UNDESA, Population Division – World Urbanization Prospects, the 2018 Revision"
"OA","Annual population","16","Bangladesh","511","Total Population - Both sexes","3010","Population - Est. & Proj.","1953","1953","1000 persons","40292.407","X","International reliable sources",""
"OA","Annual population","16","Bangladesh","512","Total Population - Male","3010","Population - Est. & Proj.","1953","1953","1000 persons","21000.083","X","International reliable sources",""
"OA","Annual population","16","Bangladesh","513","Total Population - Female","3010","Population - Est. & Proj.","1953","1953","1000 persons","19292.328","X","International reliable sources",""
"OA","Annual population","16","Bangladesh","551","Rural population","3010","Population - Est. & Proj.","1953","1953","1000 persons","38479.121","X","International reliable sources",""
"OA","Annual population","16","Bangladesh","561","Urban population","3010","Population - Est. & Proj.","1953","1953","1000 persons","1821.241","X","International reliable sources","UNDESA, Population Division – World Urbanization Prospects, the 2018 Revision"
"OA","Annual population","16","Bangladesh","511","Total Population - Both sexes","3010","Population - Est. & Proj.","1954","1954","1000 persons","41149.824","X","International reliable sources",""
"OA","Annual population","16","Bangladesh","512","Total Population - Male","3010","Population - Est. & Proj.","1954","1954","1000 persons","21437.156","X","International reliable sources",""
"OA","Annual population","16","Bangladesh","513","Total Population - Female","3010","Population - Est. & Proj.","1954","1954","1000 persons","19712.674","X","International reliable sources",""
"OA","Annual population","16","Bangladesh","551","Rural population","3010","Population - Est. & Proj.","1954","1954","1000 persons","39274.219","X","International reliable sources",""
"OA","Annual population","16","Bangladesh","561","Urban population","3010","Population - Est. & Proj.","1954","1954","1000 persons","1894.846","X","International reliable sources","UNDESA, Population Division – World Urbanization Prospects, the 2018 Revision"
"OA","Annual population","16","Bangladesh","511","Total Population - Both sexes","3010","Population - Est. & Proj.","1955","1955","1000 persons","42086.301","X","International reliable sources",""
"OA","Annual population","16","Bangladesh","512","Total Population - Male","3010","Population - Est. & Proj.","1955","1955","1000 persons","21916.616","X","International reliable sources",""
"OA","Annual population","16","Bangladesh","513","Total Population - Female","3010","Population - Est. & Proj.","1955","1955","1000 persons","20169.689","X","International reliable sources",""
"OA","Annual population","16","Bangladesh","551","Rural population","3010","Population - Est. & Proj.","1955","1955","1000 persons","40147.083","X","International reliable sources",""
"OA","Annual population","16","Bangladesh","561","Urban population","3010","Population - Est. & Proj.","1955","1955","1000 persons","1974.441","X","International reliable sources","UNDESA, Population Division – World Urbanization Prospects, the 2018 Revision"
"OA","Annual population","16","Bangladesh","511","Total Population - Both sexes","3010","Population - Est. & Proj.","1956","1956","1000 persons","43113.923","X","International reliable sources",""
"OA","Annual population","16","Bangladesh","512","Total Population - Male","3010","Population - Est. & Proj.","1956","1956","1000 persons","22444.466","X","International reliable sources",""
"OA","Annual population","16","Bangladesh","513","Total Population - Female","3010","Population - Est. & Proj.","1956","1956","1000 persons","20669.456","X","International reliable sources",""
"OA","Annual population","16","Bangladesh","551","Rural population","3010","Population - Est. & Proj.","1956","1956","1000 persons","41109","X","International reliable sources","UNDESA, Population Division – World Urbanization Prospects, the 2018 Revision"
"OA","Annual population","16","Bangladesh","561","Urban population","3010","Population - Est. & Proj.","1956","1956","1000 persons","2060.927","X","International reliable sources","UNDESA, Population Division – World Urbanization Prospects, the 2018 Revision"
"OA","Annual population","16","Bangladesh","511","Total Population - Both sexes","3010","Population - Est. & Proj.","1957","1957","1000 persons","44233.212","X","International reliable sources",""
"OA","Annual population","16","Bangladesh","512","Total Population - Male","3010","Population - Est. & Proj.","1957","1957","1000 persons","23020.336","X","International reliable sources",""
"OA","Annual population","16","Bangladesh","513","Total Population - Female","3010","Population - Est. & Proj.","1957","1957","1000 persons","21212.881","X","International reliable sources",""
"OA","Annual population","16","Bangladesh","551","Rural population","3010","Population - Est. & Proj.","1957","1957","1000 persons","42160.34","X","International reliable sources",""
"OA","Annual population","16","Bangladesh","561","Urban population","3010","Population - Est. & Proj.","1957","1957","1000 persons","2154.479","X","International reliable sources","UNDESA, Population Division – World Urbanization Prospects, the 2018 Revision"
"OA","Annual population","16","Bangladesh","511","Total Population - Both sexes","3010","Population - Est. & Proj.","1958","1958","1000 persons","45434.543","X","International reliable sources",""
"OA","Annual population","16","Bangladesh","512","Total Population - Male","3010","Population - Est. & Proj.","1958","1958","1000 persons","23638.264","X","International reliable sources",""
"OA","Annual population","16","Bangladesh","513","Total Population - Female","3010","Population - Est. & Proj.","1958","1958","1000 persons","21796.278","X","International reliable sources",""
"OA","Annual population","16","Bangladesh","551","Rural population","3010","Population - Est. & Proj.","1958","1958","1000 persons","43291.395","X","International reliable sources",""
"OA","Annual population","16","Bangladesh","561","Urban population","3010","Population - Est. & Proj.","1958","1958","1000 persons","2255.089","X","International reliable sources","UNDESA, Population Division – World Urbanization Prospects, the 2018 Revision"
"OA","Annual population","16","Bangladesh","511","Total Population - Both sexes","3010","Population - Est. & Proj.","1959","1959","1000 persons","46700.573","X","International reliable sources",""
"OA","Annual population","16","Bangladesh","512","Total Population - Male","3010","Population - Est. & Proj.","1959","1959","1000 persons","24288.104","X","International reliable sources",""
"OA","Annual population","16","Bangladesh","513","Total Population - Female","3010","Population - Est. & Proj.","1959","1959","1000 persons","22412.465","X","International reliable sources",""
"OA","Annual population","16","Bangladesh","551","Rural population","3010","Population - Est. & Proj.","1959","1959","1000 persons","44485.32","X","International reliable sources",""
"OA","Annual population","16","Bangladesh","561","Urban population","3010","Population - Est. & Proj.","1959","1959","1000 persons","2362.125","X","International reliable sources","UNDESA, Population Division – World Urbanization Prospects, the 2018 Revision"
"OA","Annual population","16","Bangladesh","511","Total Population - Both sexes","3010","Population - Est. & Proj.","1960","1960","1000 persons","48013.504","X","International reliable sources",""
"OA","Annual population","16","Bangladesh","512","Total Population - Male","3010","Population - Est. & Proj.","1960","1960","1000 persons","24959.605","X","International reliable sources",""
"OA","Annual population","16","Bangladesh","513","Total Population - Female","3010","Population - Est. & Proj.","1960","1960","1000 persons","23053.9","X","International reliable sources",""
"OA","Annual population","16","Bangladesh","551","Rural population","3010","Population - Est. & Proj.","1960","1960","1000 persons","45724.76","X","International reliable sources",""
"OA","Annual population","16","Bangladesh","561","Urban population","3010","Population - Est. & Proj.","1960","1960","1000 persons","2474.987","X","International reliable sources","UNDESA, Population Division – World Urbanization Prospects, the 2018 Revision"
"OA","Annual population","16","Bangladesh","511","Total Population - Both sexes","3010","Population - Est. & Proj.","1961","1961","1000 persons","49362.843","X","International reliable sources",""
"OA","Annual population","16","Bangladesh","512","Total Population - Male","3010","Population - Est. & Proj.","1961","1961","1000 persons","25646.775","X","International reliable sources",""
"OA","Annual population","16","Bangladesh","513","Total Population - Female","3010","Population - Est. & Proj.","1961","1961","1000 persons","23716.059","X","International reliable sources",""
"OA","Annual population","16","Bangladesh","551","Rural population","3010","Population - Est. & Proj.","1961","1961","1000 persons","46975.31","X","International reliable sources",""
"OA","Annual population","16","Bangladesh","561","Urban population","3010","Population - Est. & Proj.","1961","1961","1000 persons","2617.492","X","International reliable sources","UNDESA, Population Division – World Urbanization Prospects, the 2018 Revision"
"OA","Annual population","16","Bangladesh","511","Total Population - Both sexes","3010","Population - Est. & Proj.","1962","1962","1000 persons","50752.157","X","International reliable sources",""
"OA","Annual population","16","Bangladesh","512","Total Population - Male","3010","Population - Est. & Proj.","1962","1962","1000 persons","26351.774","X","International reliable sources",""
"OA","Annual population","16","Bangladesh","513","Total Population - Female","3010","Population - Est. & Proj.","1962","1962","1000 persons","24400.376","X","International reliable sources",""
"OA","Annual population","16","Bangladesh","551","Rural population","3010","Population - Est. & Proj.","1962","1962","1000 persons","48224.534","X","International reliable sources",""
"OA","Annual population","16","Bangladesh","561","Urban population","3010","Population - Est. & Proj.","1962","1962","1000 persons","2805.603","X","International reliable sources","UNDESA, Population Division – World Urbanization Prospects, the 2018 Revision"
"OA","Annual population","16","Bangladesh","511","Total Population - Both sexes","3010","Population - Est. & Proj.","1963","1963","1000 persons","52202.007","X","International reliable sources",""
"OA","Annual population","16","Bangladesh","512","Total Population - Male","3010","Population - Est. & Proj.","1963","1963","1000 persons","27086.479","X","International reliable sources",""
"OA","Annual population","16","Bangladesh","513","Total Population - Female","3010","Population - Est. & Proj.","1963","1963","1000 persons","25115.529","X","International reliable sources",""
"OA","Annual population","16","Bangladesh","551","Rural population","3010","Population - Est. & Proj.","1963","1963","1000 persons","49524.141","X","International reliable sources",""
"OA","Annual population","16","Bangladesh","561","Urban population","3010","Population - Est. & Proj.","1963","1963","1000 persons","3008.276","X","International reliable sources","UNDESA, Population Division – World Urbanization Prospects, the 2018 Revision"
"OA","Annual population","16","Bangladesh","511","Total Population - Both sexes","3010","Population - Est. & Proj.","1964","1964","1000 persons","53741.716","X","International reliable sources",""
"OA","Annual population","16","Bangladesh","512","Total Population - Male","3010","Population - Est. & Proj.","1964","1964","1000 persons","27867.875","X","International reliable sources",""
"OA","Annual population","16","Bangladesh","513","Total Population - Female","3010","Population - Est. & Proj.","1964","1964","1000 persons","25873.846","X","International reliable sources",""
"OA","Annual population","16","Bangladesh","551","Rural population","3010","Population - Est. & Proj.","1964","1964","1000 persons","50900.661","X","International reliable sources",""
"OA","Annual population","16","Bangladesh","561","Urban population","3010","Population - Est. & Proj.","1964","1964","1000 persons","3228.439","X","International reliable sources","UNDESA, Population Division – World Urbanization Prospects, the 2018 Revision"
"OA","Annual population","16","Bangladesh","511","Total Population - Both sexes","3010","Population - Est. & Proj.","1965","1965","1000 persons","55385.112","X","International reliable sources",""
"OA","Annual population","16","Bangladesh","512","Total Population - Male","3010","Population - Est. & Proj.","1965","1965","1000 persons","28704.369","X","International reliable sources",""
"OA","Annual population","16","Bangladesh","513","Total Population - Female","3010","Population - Est. & Proj.","1965","1965","1000 persons","26680.745","X","International reliable sources",""
"OA","Annual population","16","Bangladesh","551","Rural population","3010","Population - Est. & Proj.","1965","1965","1000 persons","52366.363","X","International reliable sources",""
"OA","Annual population","16","Bangladesh","561","Urban population","3010","Population - Est. & Proj.","1965","1965","1000 persons","3467.675","X","International reliable sources","UNDESA, Population Division – World Urbanization Prospects, the 2018 Revision"
"OA","Annual population","16","Bangladesh","511","Total Population - Both sexes","3010","Population - Est. & Proj.","1966","1966","1000 persons","57157.654","X","International reliable sources",""
"OA","Annual population","16","Bangladesh","512","Total Population - Male","3010","Population - Est. & Proj.","1966","1966","1000 persons","29609.836","X","International reliable sources",""
"OA","Annual population","16","Bangladesh","513","Total Population - Female","3010","Population - Est. & Proj.","1966","1966","1000 persons","27547.815","X","International reliable sources",""
"OA","Annual population","16","Bangladesh","551","Rural population","3010","Population - Est. & Proj.","1966","1966","1000 persons","53943.354","X","International reliable sources",""
"OA","Annual population","16","Bangladesh","561","Urban population","3010","Population - Est. & Proj.","1966","1966","1000 persons","3729.636","X","International reliable sources","UNDESA, Population Division – World Urbanization Prospects, the 2018 Revision"
"OA","Annual population","16","Bangladesh","511","Total Population - Both sexes","3010","Population - Est. & Proj.","1967","1967","1000 persons","59034.249","X","International reliable sources",""
"OA","Annual population","16","Bangladesh","512","Total Population - Male","3010","Population - Est. & Proj.","1967","1967","1000 persons","30570.718","X","International reliable sources",""
"OA","Annual population","16","Bangladesh","513","Total Population - Female","3010","Population - Est. & Proj.","1967","1967","1000 persons","28463.532","X","International reliable sources",""
"OA","Annual population","16","Bangladesh","551","Rural population","3010","Population - Est. & Proj.","1967","1967","1000 persons","55606.492","X","International reliable sources",""
"OA","Annual population","16","Bangladesh","561","Urban population","3010","Population - Est. & Proj.","1967","1967","1000 persons","4014.177","X","International reliable sources","UNDESA, Population Division – World Urbanization Prospects, the 2018 Revision"
"OA","Annual population","16","Bangladesh","511","Total Population - Both sexes","3010","Population - Est. & Proj.","1968","1968","1000 persons","60918.454","X","International reliable sources",""
"OA","Annual population","16","Bangladesh","512","Total Population - Male","3010","Population - Est. & Proj.","1968","1968","1000 persons","31535.595","X","International reliable sources",""
"OA","Annual population","16","Bangladesh","513","Total Population - Female","3010","Population - Est. & Proj.","1968","1968","1000 persons","29382.857","X","International reliable sources",""
"OA","Annual population","16","Bangladesh","551","Rural population","3010","Population - Est. & Proj.","1968","1968","1000 persons","57263.143","X","International reliable sources",""
"OA","Annual population","16","Bangladesh","561","Urban population","3010","Population - Est. & Proj.","1968","1968","1000 persons","4316.33","X","International reliable sources","UNDESA, Population Division – World Urbanization Prospects, the 2018 Revision"
"OA","Annual population","16","Bangladesh","511","Total Population - Both sexes","3010","Population - Est. & Proj.","1969","1969","1000 persons","62679.765","X","International reliable sources",""
"OA","Annual population","16","Bangladesh","512","Total Population - Male","3010","Population - Est. & Proj.","1969","1969","1000 persons","32434.72","X","International reliable sources",""
"OA","Annual population","16","Bangladesh","513","Total Population - Female","3010","Population - Est. & Proj.","1969","1969","1000 persons","30245.045","X","International reliable sources",""
"OA","Annual population","16","Bangladesh","551","Rural population","3010","Population - Est. & Proj.","1969","1969","1000 persons","58790.758","X","International reliable sources",""
"OA","Annual population","16","Bangladesh","561","Urban population","3010","Population - Est. & Proj.","1969","1969","1000 persons","4626.636","X","International reliable sources","UNDESA, Population Division – World Urbanization Prospects, the 2018 Revision"
"OA","Annual population","16","Bangladesh","511","Total Population - Both sexes","3010","Population - Est. & Proj.","1970","1970","1000 persons","64232.482","X","International reliable sources",""
"OA","Annual population","16","Bangladesh","512","Total Population - Male","3010","Population - Est. & Proj.","1970","1970","1000 persons","33222.324","X","International reliable sources",""
"OA","Annual population","16","Bangladesh","513","Total Population - Female","3010","Population - Est. & Proj.","1970","1970","1000 persons","31010.162","X","International reliable sources",""
"OA","Annual population","16","Bangladesh","551","Rural population","3010","Population - Est. & Proj.","1970","1970","1000 persons","60108.795","X","International reliable sources",""
"OA","Annual population","16","Bangladesh","561","Urban population","3010","Population - Est. & Proj.","1970","1970","1000 persons","4938.975","X","International reliable sources","UNDESA, Population Division – World Urbanization Prospects, the 2018 Revision"
"OA","Annual population","16","Bangladesh","511","Total Population - Both sexes","3010","Population - Est. & Proj.","1971","1971","1000 persons","65531.633","X","International reliable sources",""
"OA","Annual population","16","Bangladesh","512","Total Population - Male","3010","Population - Est. & Proj.","1971","1971","1000 persons","33874.845","X","International reliable sources",""
"OA","Annual population","16","Bangladesh","513","Total Population - Female","3010","Population - Est. & Proj.","1971","1971","1000 persons","31656.79","X","International reliable sources",""
"OA","Annual population","16","Bangladesh","551","Rural population","3010","Population - Est. & Proj.","1971","1971","1000 persons","61176.367","X","International reliable sources",""
"OA","Annual population","16","Bangladesh","561","Urban population","3010","Population - Est. & Proj.","1971","1971","1000 persons","5248.377","X","International reliable sources","UNDESA, Population Division – World Urbanization Prospects, the 2018 Revision"
"OA","Annual population","16","Bangladesh","511","Total Population - Both sexes","3010","Population - Est. & Proj.","1972","1972","1000 persons","66625.705","X","International reliable sources",""
"OA","Annual population","16","Bangladesh","512","Total Population - Male","3010","Population - Est. & Proj.","1972","1972","1000 persons","34418.352","X","International reliable sources",""
"OA","Annual population","16","Bangladesh","513","Total Population - Female","3010","Population - Est. & Proj.","1972","1972","1000 persons","32207.354","X","International reliable sources",""
"OA","Annual population","16","Bangladesh","551","Rural population","3010","Population - Est. & Proj.","1972","1972","1000 persons","62039.948","X","International reliable sources",""
"OA","Annual population","16","Bangladesh","561","Urban population","3010","Population - Est. & Proj.","1972","1972","1000 persons","5557.522","X","International reliable sources","UNDESA, Population Division – World Urbanization Prospects, the 2018 Revision"
"OA","Annual population","16","Bangladesh","511","Total Population - Both sexes","3010","Population - Est. & Proj.","1973","1973","1000 persons","67637.53","X","International reliable sources",""
"OA","Annual population","16","Bangladesh","512","Total Population - Male","3010","Population - Est. & Proj.","1973","1973","1000 persons","34917.791","X","International reliable sources",""
"OA","Annual population","16","Bangladesh","513","Total Population - Female","3010","Population - Est. & Proj.","1973","1973","1000 persons","32719.75","X","International reliable sources",""
"OA","Annual population","16","Bangladesh","551","Rural population","3010","Population - Est. & Proj.","1973","1973","1000 persons","62816.306","X","International reliable sources",""
"OA","Annual population","16","Bangladesh","561","Urban population","3010","Population - Est. & Proj.","1973","1973","1000 persons","5874.879","X","International reliable sources","UNDESA, Population Division – World Urbanization Prospects, the 2018 Revision"
"OA","Annual population","16","Bangladesh","511","Total Population - Both sexes","3010","Population - Est. & Proj.","1974","1974","1000 persons","68742.233","X","International reliable sources",""
"OA","Annual population","16","Bangladesh","512","Total Population - Male","3010","Population - Est. & Proj.","1974","1974","1000 persons","35465.701","X","International reliable sources",""
"OA","Annual population","16","Bangladesh","513","Total Population - Female","3010","Population - Est. & Proj.","1974","1974","1000 persons","33276.521","X","International reliable sources",""
"OA","Annual population","16","Bangladesh","551","Rural population","3010","Population - Est. & Proj.","1974","1974","1000 persons","63570.753","X","International reliable sources",""
"OA","Annual population","16","Bangladesh","561","Urban population","3010","Population - Est. & Proj.","1974","1974","1000 persons","6313.667","X","International reliable sources","UNDESA, Population Division – World Urbanization Prospects, the 2018 Revision"
"OA","Annual population","16","Bangladesh","511","Total Population - Both sexes","3010","Population - Est. & Proj.","1975","1975","1000 persons","70066.301","X","International reliable sources",""
"OA","Annual population","16","Bangladesh","512","Total Population - Male","3010","Population - Est. & Proj.","1975","1975","1000 persons","36129.196","X","International reliable sources",""
"OA","Annual population","16","Bangladesh","513","Total Population - Female","3010","Population - Est. & Proj.","1975","1975","1000 persons","33937.114","X","International reliable sources",""
"OA","Annual population","16","Bangladesh","551","Rural population","3010","Population - Est. & Proj.","1975","1975","1000 persons","64292.462","X","International reliable sources",""
"OA","Annual population","16","Bangladesh","561","Urban population","3010","Population - Est. & Proj.","1975","1975","1000 persons","7013.461","X","International reliable sources","UNDESA, Population Division – World Urbanization Prospects, the 2018 Revision"
"OA","Annual population","16","Bangladesh","511","Total Population - Both sexes","3010","Population - Est. & Proj.","1976","1976","1000 persons","71652.381","X","International reliable sources",""
"OA","Annual population","16","Bangladesh","512","Total Population - Male","3010","Population - Est. & Proj.","1976","1976","1000 persons","36929.939","X","International reliable sources",""
"OA","Annual population","16","Bangladesh","513","Total Population - Female","3010","Population - Est. & Proj.","1976","1976","1000 persons","34722.447","X","International reliable sources",""
"OA","Annual population","16","Bangladesh","551","Rural population","3010","Population - Est. & Proj.","1976","1976","1000 persons","65187.52","X","International reliable sources",""
"OA","Annual population","16","Bangladesh","561","Urban population","3010","Population - Est. & Proj.","1976","1976","1000 persons","7811.616","X","International reliable sources","UNDESA, Population Division – World Urbanization Prospects, the 2018 Revision"
"OA","Annual population","16","Bangladesh","511","Total Population - Both sexes","3010","Population - Est. & Proj.","1977","1977","1000 persons","73463.584","X","International reliable sources",""
"OA","Annual population","16","Bangladesh","512","Total Population - Male","3010","Population - Est. & Proj.","1977","1977","1000 persons","37848.923","X","International reliable sources",""
"OA","Annual population","16","Bangladesh","513","Total Population - Female","3010","Population - Est. & Proj.","1977","1977","1000 persons","35614.67","X","International reliable sources",""
"OA","Annual population","16","Bangladesh","551","Rural population","3010","Population - Est. & Proj.","1977","1977","1000 persons","66212.131","X","International reliable sources",""
"OA","Annual population","16","Bangladesh","561","Urban population","3010","Population - Est. & Proj.","1977","1977","1000 persons","8713.765","X","International reliable sources","UNDESA, Population Division – World Urbanization Prospects, the 2018 Revision"
"OA","Annual population","16","Bangladesh","511","Total Population - Both sexes","3010","Population - Est. & Proj.","1978","1978","1000 persons","75450.032","X","International reliable sources",""
"OA","Annual population","16","Bangladesh","512","Total Population - Male","3010","Population - Est. & Proj.","1978","1978","1000 persons","38862.775","X","International reliable sources",""
"OA","Annual population","16","Bangladesh","513","Total Population - Female","3010","Population - Est. & Proj.","1978","1978","1000 persons","36587.258","X","International reliable sources",""
"OA","Annual population","16","Bangladesh","551","Rural population","3010","Population - Est. & Proj.","1978","1978","1000 persons","67304.956","X","International reliable sources",""
"OA","Annual population","16","Bangladesh","561","Urban population","3010","Population - Est. & Proj.","1978","1978","1000 persons","9728.89","X","International reliable sources","UNDESA, Population Division – World Urbanization Prospects, the 2018 Revision"
"OA","Annual population","16","Bangladesh","511","Total Population - Both sexes","3010","Population - Est. & Proj.","1979","1979","1000 persons","77529.045","X","International reliable sources",""
"OA","Annual population","16","Bangladesh","512","Total Population - Male","3010","Population - Est. & Proj.","1979","1979","1000 persons","39931.814","X","International reliable sources",""
"OA","Annual population","16","Bangladesh","513","Total Population - Female","3010","Population - Est. & Proj.","1979","1979","1000 persons","37597.226","X","International reliable sources",""
"OA","Annual population","16","Bangladesh","551","Rural population","3010","Population - Est. & Proj.","1979","1979","1000 persons","68380.163","X","International reliable sources",""
"OA","Annual population","16","Bangladesh","561","Urban population","3010","Population - Est. & Proj.","1979","1979","1000 persons","10856.613","X","International reliable sources","UNDESA, Population Division – World Urbanization Prospects, the 2018 Revision"
"OA","Annual population","16","Bangladesh","511","Total Population - Both sexes","3010","Population - Est. & Proj.","1980","1980","1000 persons","79639.491","X","International reliable sources",""
"OA","Annual population","16","Bangladesh","512","Total Population - Male","3010","Population - Est. & Proj.","1980","1980","1000 persons","41026.191","X","International reliable sources",""
"OA","Annual population","16","Bangladesh","513","Total Population - Female","3010","Population - Est. & Proj.","1980","1980","1000 persons","38613.307","X","International reliable sources",""
"OA","Annual population","16","Bangladesh","551","Rural population","3010","Population - Est. & Proj.","1980","1980","1000 persons","69371.807","X","International reliable sources",""
"OA","Annual population","16","Bangladesh","561","Urban population","3010","Population - Est. & Proj.","1980","1980","1000 persons","12099.053","X","International reliable sources","UNDESA, Population Division – World Urbanization Prospects, the 2018 Revision"
"OA","Annual population","16","Bangladesh","511","Total Population - Both sexes","3010","Population - Est. & Proj.","1981","1981","1000 persons","81767.515","X","International reliable sources",""
"OA","Annual population","16","Bangladesh","512","Total Population - Male","3010","Population - Est. & Proj.","1981","1981","1000 persons","42140.181","X","International reliable sources",""
"OA","Annual population","16","Bangladesh","513","Total Population - Female","3010","Population - Est. & Proj.","1981","1981","1000 persons","39627.335","X","International reliable sources",""
"OA","Annual population","16","Bangladesh","551","Rural population","3010","Population - Est. & Proj.","1981","1981","1000 persons","70492.493","X","International reliable sources",""
"OA","Annual population","16","Bangladesh","561","Urban population","3010","Population - Est. & Proj.","1981","1981","1000 persons","13228.775","X","International reliable sources","UNDESA, Population Division – World Urbanization Prospects, the 2018 Revision"
"OA","Annual population","16","Bangladesh","511","Total Population - Both sexes","3010","Population - Est. & Proj.","1982","1982","1000 persons","83932.127","X","International reliable sources",""
"OA","Annual population","16","Bangladesh","512","Total Population - Male","3010","Population - Est. & Proj.","1982","1982","1000 persons","43281.857","X","International reliable sources",""
"OA","Annual population","16","Bangladesh","513","Total Population - Female","3010","Population - Est. & Proj.","1982","1982","1000 persons","40650.275","X","International reliable sources",""
"OA","Annual population","16","Bangladesh","551","Rural population","3010","Population - Est. & Proj.","1982","1982","1000 persons","72064.051","X","International reliable sources",""
"OA","Annual population","16","Bangladesh","561","Urban population","3010","Population - Est. & Proj.","1982","1982","1000 persons","13943.28","X","International reliable sources","UNDESA, Population Division – World Urbanization Prospects, the 2018 Revision"
"OA","Annual population","16","Bangladesh","511","Total Population - Both sexes","3010","Population - Est. & Proj.","1983","1983","1000 persons","86142.495","X","International reliable sources",""
"OA","Annual population","16","Bangladesh","512","Total Population - Male","3010","Population - Est. & Proj.","1983","1983","1000 persons","44450.469","X","International reliable sources",""
"OA","Annual population","16","Bangladesh","513","Total Population - Female","3010","Population - Est. & Proj.","1983","1983","1000 persons","41692.021","X","International reliable sources",""
"OA","Annual population","16","Bangladesh","551","Rural population","3010","Population - Est. & Proj.","1983","1983","1000 persons","73646.652","X","International reliable sources",""
"OA","Annual population","16","Bangladesh","561","Urban population","3010","Population - Est. & Proj.","1983","1983","1000 persons","14691.59","X","International reliable sources","UNDESA, Population Division – World Urbanization Prospects, the 2018 Revision"
"OA","Annual population","16","Bangladesh","511","Total Population - Both sexes","3010","Population - Est. & Proj.","1984","1984","1000 persons","88416.521","X","International reliable sources",""
"OA","Annual population","16","Bangladesh","512","Total Population - Male","3010","Population - Est. & Proj.","1984","1984","1000 persons","45647.737","X","International reliable sources",""
"OA","Annual population","16","Bangladesh","513","Total Population - Female","3010","Population - Est. & Proj.","1984","1984","1000 persons","42768.792","X","International reliable sources",""
"OA","Annual population","16","Bangladesh","551","Rural population","3010","Population - Est. & Proj.","1984","1984","1000 persons","75253.759","X","International reliable sources",""
"OA","Annual population","16","Bangladesh","561","Urban population","3010","Population - Est. & Proj.","1984","1984","1000 persons","15478.603","X","International reliable sources","UNDESA, Population Division – World Urbanization Prospects, the 2018 Revision"
"OA","Annual population","16","Bangladesh","511","Total Population - Both sexes","3010","Population - Est. & Proj.","1985","1985","1000 persons","90764.183","X","International reliable sources",""
"OA","Annual population","16","Bangladesh","512","Total Population - Male","3010","Population - Est. & Proj.","1985","1985","1000 persons","46873.365","X","International reliable sources",""
"OA","Annual population","16","Bangladesh","513","Total Population - Female","3010","Population - Est. & Proj.","1985","1985","1000 persons","43890.815","X","International reliable sources",""
"OA","Annual population","16","Bangladesh","551","Rural population","3010","Population - Est. & Proj.","1985","1985","1000 persons","76893.894","X","International reliable sources",""
"OA","Annual population","16","Bangladesh","561","Urban population","3010","Population - Est. & Proj.","1985","1985","1000 persons","16305.971","X","International reliable sources","UNDESA, Population Division – World Urbanization Prospects, the 2018 Revision"
"OA","Annual population","16","Bangladesh","511","Total Population - Both sexes","3010","Population - Est. & Proj.","1986","1986","1000 persons","93187.603","X","International reliable sources",""
"OA","Annual population","16","Bangladesh","512","Total Population - Male","3010","Population - Est. & Proj.","1986","1986","1000 persons","48126.407","X","International reliable sources",""
"OA","Annual population","16","Bangladesh","513","Total Population - Female","3010","Population - Est. & Proj.","1986","1986","1000 persons","45061.186","X","International reliable sources",""
"OA","Annual population","16","Bangladesh","551","Rural population","3010","Population - Est. & Proj.","1986","1986","1000 persons","78565.155","X","International reliable sources",""
"OA","Annual population","16","Bangladesh","561","Urban population","3010","Population - Est. & Proj.","1986","1986","1000 persons","17177.276","X","International reliable sources","UNDESA, Population Division – World Urbanization Prospects, the 2018 Revision"
"OA","Annual population","16","Bangladesh","511","Total Population - Both sexes","3010","Population - Est. & Proj.","1987","1987","1000 persons","95671.163","X","International reliable sources",""
"OA","Annual population","16","Bangladesh","512","Total Population - Male","3010","Population - Est. & Proj.","1987","1987","1000 persons","49400.279","X","International reliable sources",""
"OA","Annual population","16","Bangladesh","513","Total Population - Female","3010","Population - Est. & Proj.","1987","1987","1000 persons","46270.88","X","International reliable sources",""
"OA","Annual population","16","Bangladesh","551","Rural population","3010","Population - Est. & Proj.","1987","1987","1000 persons","80253.098","X","International reliable sources",""
"OA","Annual population","16","Bangladesh","561","Urban population","3010","Population - Est. & Proj.","1987","1987","1000 persons","18090.711","X","International reliable sources","UNDESA, Population Division – World Urbanization Prospects, the 2018 Revision"
"OA","Annual population","16","Bangladesh","511","Total Population - Both sexes","3010","Population - Est. & Proj.","1988","1988","1000 persons","98186.35","X","International reliable sources",""
"OA","Annual population","16","Bangladesh","512","Total Population - Male","3010","Population - Est. & Proj.","1988","1988","1000 persons","50682.701","X","International reliable sources",""
"OA","Annual population","16","Bangladesh","513","Total Population - Female","3010","Population - Est. & Proj.","1988","1988","1000 persons","47503.649","X","International reliable sources",""
"OA","Annual population","16","Bangladesh","551","Rural population","3010","Population - Est. & Proj.","1988","1988","1000 persons","81932.267","X","International reliable sources",""
"OA","Annual population","16","Bangladesh","561","Urban population","3010","Population - Est. & Proj.","1988","1988","1000 persons","19043.054","X","International reliable sources","UNDESA, Population Division – World Urbanization Prospects, the 2018 Revision"
"OA","Annual population","16","Bangladesh","511","Total Population - Both sexes","3010","Population - Est. & Proj.","1989","1989","1000 persons","100695.497","X","International reliable sources",""
"OA","Annual population","16","Bangladesh","512","Total Population - Male","3010","Population - Est. & Proj.","1989","1989","1000 persons","51958.238","X","International reliable sources",""
"OA","Annual population","16","Bangladesh","513","Total Population - Female","3010","Population - Est. & Proj.","1989","1989","1000 persons","48737.258","X","International reliable sources",""
"OA","Annual population","16","Bangladesh","551","Rural population","3010","Population - Est. & Proj.","1989","1989","1000 persons","83573.015","X","International reliable sources",""
"OA","Annual population","16","Bangladesh","561","Urban population","3010","Population - Est. & Proj.","1989","1989","1000 persons","20026.217","X","International reliable sources","UNDESA, Population Division – World Urbanization Prospects, the 2018 Revision"
"OA","Annual population","16","Bangladesh","511","Total Population - Both sexes","3010","Population - Est. & Proj.","1990","1990","1000 persons","103171.956","X","International reliable sources",""
"OA","Annual population","16","Bangladesh","512","Total Population - Male","3010","Population - Est. & Proj.","1990","1990","1000 persons","53216.139","X","International reliable sources",""
"OA","Annual population","16","Bangladesh","513","Total Population - Female","3010","Population - Est. & Proj.","1990","1990","1000 persons","49955.818","X","International reliable sources",""
"OA","Annual population","16","Bangladesh","551","Rural population","3010","Population - Est. & Proj.","1990","1990","1000 persons","85151.192","X","International reliable sources",""
"OA","Annual population","16","Bangladesh","561","Urban population","3010","Population - Est. & Proj.","1990","1990","1000 persons","21037.45","X","International reliable sources","UNDESA, Population Division – World Urbanization Prospects, the 2018 Revision"
"OA","Annual population","16","Bangladesh","511","Total Population - Both sexes","3010","Population - Est. & Proj.","1991","1991","1000 persons","105599.127","X","International reliable sources",""
"OA","Annual population","16","Bangladesh","512","Total Population - Male","3010","Population - Est. & Proj.","1991","1991","1000 persons","54448.12","X","International reliable sources",""
"OA","Annual population","16","Bangladesh","513","Total Population - Female","3010","Population - Est. & Proj.","1991","1991","1000 persons","51151.005","X","International reliable sources",""
"OA","Annual population","16","Bangladesh","551","Rural population","3010","Population - Est. & Proj.","1991","1991","1000 persons","86702.314","X","International reliable sources",""
"OA","Annual population","16","Bangladesh","561","Urban population","3010","Population - Est. & Proj.","1991","1991","1000 persons","22025.118","X","International reliable sources","UNDESA, Population Division – World Urbanization Prospects, the 2018 Revision"
"OA","Annual population","16","Bangladesh","511","Total Population - Both sexes","3010","Population - Est. & Proj.","1992","1992","1000 persons","107983.704","X","International reliable sources",""
"OA","Annual population","16","Bangladesh","512","Total Population - Male","3010","Population - Est. & Proj.","1992","1992","1000 persons","55656.707","X","International reliable sources",""
"OA","Annual population","16","Bangladesh","513","Total Population - Female","3010","Population - Est. & Proj.","1992","1992","1000 persons","52327.001","X","International reliable sources",""
"OA","Annual population","16","Bangladesh","551","Rural population","3010","Population - Est. & Proj.","1992","1992","1000 persons","88299.172","X","International reliable sources",""
"OA","Annual population","16","Bangladesh","561","Urban population","3010","Population - Est. & Proj.","1992","1992","1000 persons","22922.766","X","International reliable sources","UNDESA, Population Division – World Urbanization Prospects, the 2018 Revision"
"OA","Annual population","16","Bangladesh","511","Total Population - Both sexes","3010","Population - Est. & Proj.","1993","1993","1000 persons","110350.639","X","International reliable sources",""
"OA","Annual population","16","Bangladesh","512","Total Population - Male","3010","Population - Est. & Proj.","1993","1993","1000 persons","56855.15","X","International reliable sources",""
"OA","Annual population","16","Bangladesh","513","Total Population - Female","3010","Population - Est. & Proj.","1993","1993","1000 persons","53495.491","X","International reliable sources",""
"OA","Annual population","16","Bangladesh","551","Rural population","3010","Population - Est. & Proj.","1993","1993","1000 persons","89857.57","X","International reliable sources",""
"OA","Annual population","16","Bangladesh","561","Urban population","3010","Population - Est. & Proj.","1993","1993","1000 persons","23837.569","X","International reliable sources","UNDESA, Population Division – World Urbanization Prospects, the 2018 Revision"
"OA","Annual population","16","Bangladesh","511","Total Population - Both sexes","3010","Population - Est. & Proj.","1994","1994","1000 persons","112737.683","X","International reliable sources",""
"OA","Annual population","16","Bangladesh","512","Total Population - Male","3010","Population - Est. & Proj.","1994","1994","1000 persons","58063.172","X","International reliable sources",""
"OA","Annual population","16","Bangladesh","513","Total Population - Female","3010","Population - Est. & Proj.","1994","1994","1000 persons","54674.512","X","International reliable sources",""
"OA","Annual population","16","Bangladesh","551","Rural population","3010","Population - Est. & Proj.","1994","1994","1000 persons","91403.486","X","International reliable sources",""
"OA","Annual population","16","Bangladesh","561","Urban population","3010","Population - Est. & Proj.","1994","1994","1000 persons","24778.781","X","International reliable sources","UNDESA, Population Division – World Urbanization Prospects, the 2018 Revision"
"OA","Annual population","16","Bangladesh","511","Total Population - Both sexes","3010","Population - Est. & Proj.","1995","1995","1000 persons","115169.93","X","International reliable sources",""
"OA","Annual population","16","Bangladesh","512","Total Population - Male","3010","Population - Est. & Proj.","1995","1995","1000 persons","59293.801","X","International reliable sources",""
"OA","Annual population","16","Bangladesh","513","Total Population - Female","3010","Population - Est. & Proj.","1995","1995","1000 persons","55876.132","X","International reliable sources",""
"OA","Annual population","16","Bangladesh","551","Rural population","3010","Population - Est. & Proj.","1995","1995","1000 persons","92955.417","X","International reliable sources",""
"OA","Annual population","16","Bangladesh","561","Urban population","3010","Population - Est. & Proj.","1995","1995","1000 persons","25751.454","X","International reliable sources","UNDESA, Population Division – World Urbanization Prospects, the 2018 Revision"
"OA","Annual population","16","Bangladesh","511","Total Population - Both sexes","3010","Population - Est. & Proj.","1996","1996","1000 persons","117649.932","X","International reliable sources",""
"OA","Annual population","16","Bangladesh","512","Total Population - Male","3010","Population - Est. & Proj.","1996","1996","1000 persons","60547.969","X","International reliable sources",""
"OA","Annual population","16","Bangladesh","513","Total Population - Female","3010","Population - Est. & Proj.","1996","1996","1000 persons","57101.958","X","International reliable sources",""
"OA","Annual population","16","Bangladesh","551","Rural population","3010","Population - Est. & Proj.","1996","1996","1000 persons","94512.531","X","International reliable sources",""
"OA","Annual population","16","Bangladesh","561","Urban population","3010","Population - Est. & Proj.","1996","1996","1000 persons","26757.114","X","International reliable sources","UNDESA, Population Division – World Urbanization Prospects, the 2018 Revision"
"OA","Annual population","16","Bangladesh","511","Total Population - Both sexes","3010","Population - Est. & Proj.","1997","1997","1000 persons","120160.564","X","International reliable sources",""
"OA","Annual population","16","Bangladesh","512","Total Population - Male","3010","Population - Est. & Proj.","1997","1997","1000 persons","61816.493","X","International reliable sources",""
"OA","Annual population","16","Bangladesh","513","Total Population - Female","3010","Population - Est. & Proj.","1997","1997","1000 persons","58344.078","X","International reliable sources",""
"OA","Annual population","16","Bangladesh","551","Rural population","3010","Population - Est. & Proj.","1997","1997","1000 persons","96063.558","X","International reliable sources",""
"OA","Annual population","16","Bangladesh","561","Urban population","3010","Population - Est. & Proj.","1997","1997","1000 persons","27791.082","X","International reliable sources","UNDESA, Population Division – World Urbanization Prospects, the 2018 Revision"
"OA","Annual population","16","Bangladesh","511","Total Population - Both sexes","3010","Population - Est. & Proj.","1998","1998","1000 persons","122682.815","X","International reliable sources",""
"OA","Annual population","16","Bangladesh","512","Total Population - Male","3010","Population - Est. & Proj.","1998","1998","1000 persons","63089.55","X","International reliable sources",""
"OA","Annual population","16","Bangladesh","513","Total Population - Female","3010","Population - Est. & Proj.","1998","1998","1000 persons","59593.268","X","International reliable sources",""
"OA","Annual population","16","Bangladesh","551","Rural population","3010","Population - Est. & Proj.","1998","1998","1000 persons","97595.318","X","International reliable sources",""
"OA","Annual population","16","Bangladesh","561","Urban population","3010","Population - Est. & Proj.","1998","1998","1000 persons","28852.647","X","International reliable sources","UNDESA, Population Division – World Urbanization Prospects, the 2018 Revision"
"OA","Annual population","16","Bangladesh","511","Total Population - Both sexes","3010","Population - Est. & Proj.","1999","1999","1000 persons","125189.651","X","International reliable sources",""
"OA","Annual population","16","Bangladesh","512","Total Population - Male","3010","Population - Est. & Proj.","1999","1999","1000 persons","64353.201","X","International reliable sources",""
"OA","Annual population","16","Bangladesh","513","Total Population - Female","3010","Population - Est. & Proj.","1999","1999","1000 persons","60836.454","X","International reliable sources",""
"OA","Annual population","16","Bangladesh","551","Rural population","3010","Population - Est. & Proj.","1999","1999","1000 persons","99092.697","X","International reliable sources",""
"OA","Annual population","16","Bangladesh","561","Urban population","3010","Population - Est. & Proj.","1999","1999","1000 persons","29936.994","X","International reliable sources","UNDESA, Population Division – World Urbanization Prospects, the 2018 Revision"
"OA","Annual population","16","Bangladesh","511","Total Population - Both sexes","3010","Population - Est. & Proj.","2000","2000","1000 persons","127657.854","X","International reliable sources",""
"OA","Annual population","16","Bangladesh","512","Total Population - Male","3010","Population - Est. & Proj.","2000","2000","1000 persons","65594.998","X","International reliable sources",""
"OA","Annual population","16","Bangladesh","513","Total Population - Female","3010","Population - Est. & Proj.","2000","2000","1000 persons","62062.864","X","International reliable sources",""
"OA","Annual population","16","Bangladesh","551","Rural population","3010","Population - Est. & Proj.","2000","2000","1000 persons","100540.592","X","International reliable sources",""
"OA","Annual population","16","Bangladesh","561","Urban population","3010","Population - Est. & Proj.","2000","2000","1000 persons","31040.651","X","International reliable sources","UNDESA, Population Division – World Urbanization Prospects, the 2018 Revision"
"OA","Annual population","16","Bangladesh","511","Total Population - Both sexes","3010","Population - Est. & Proj.","2001","2001","1000 persons","130088.702","X","International reliable sources",""
"OA","Annual population","16","Bangladesh","512","Total Population - Male","3010","Population - Est. & Proj.","2001","2001","1000 persons","66817.467","X","International reliable sources",""
"OA","Annual population","16","Bangladesh","513","Total Population - Female","3010","Population - Est. & Proj.","2001","2001","1000 persons","63271.242","X","International reliable sources",""
"OA","Annual population","16","Bangladesh","551","Rural population","3010","Population - Est. & Proj.","2001","2001","1000 persons","101793.097","X","International reliable sources",""
"OA","Annual population","16","Bangladesh","561","Urban population","3010","Population - Est. & Proj.","2001","2001","1000 persons","32314.063","X","International reliable sources","UNDESA, Population Division – World Urbanization Prospects, the 2018 Revision"
"OA","Annual population","16","Bangladesh","511","Total Population - Both sexes","3010","Population - Est. & Proj.","2002","2002","1000 persons","132478.086","X","International reliable sources",""
"OA","Annual population","16","Bangladesh","512","Total Population - Male","3010","Population - Est. & Proj.","2002","2002","1000 persons","68017.425","X","International reliable sources",""
"OA","Annual population","16","Bangladesh","513","Total Population - Female","3010","Population - Est. & Proj.","2002","2002","1000 persons","64460.652","X","International reliable sources",""
"OA","Annual population","16","Bangladesh","551","Rural population","3010","Population - Est. & Proj.","2002","2002","1000 persons","102783.564","X","International reliable sources",""
"OA","Annual population","16","Bangladesh","561","Urban population","3010","Population - Est. & Proj.","2002","2002","1000 persons","33817.103","X","International reliable sources","UNDESA, Population Division – World Urbanization Prospects, the 2018 Revision"
"OA","Annual population","16","Bangladesh","511","Total Population - Both sexes","3010","Population - Est. & Proj.","2003","2003","1000 persons","134791.603","X","International reliable sources",""
"OA","Annual population","16","Bangladesh","512","Total Population - Male","3010","Population - Est. & Proj.","2003","2003","1000 persons","69170.298","X","International reliable sources",""
"OA","Annual population","16","Bangladesh","513","Total Population - Female","3010","Population - Est. & Proj.","2003","2003","1000 persons","65621.3","X","International reliable sources",""
"OA","Annual population","16","Bangladesh","551","Rural population","3010","Population - Est. & Proj.","2003","2003","1000 persons","103668.291","X","International reliable sources",""
"OA","Annual population","16","Bangladesh","561","Urban population","3010","Population - Est. & Proj.","2003","2003","1000 persons","35350.71","X","International reliable sources","UNDESA, Population Division – World Urbanization Prospects, the 2018 Revision"
"OA","Annual population","16","Bangladesh","511","Total Population - Both sexes","3010","Population - Est. & Proj.","2004","2004","1000 persons","136986.432","X","International reliable sources",""
"OA","Annual population","16","Bangladesh","512","Total Population - Male","3010","Population - Est. & Proj.","2004","2004","1000 persons","70244.874","X","International reliable sources",""
"OA","Annual population","16","Bangladesh","513","Total Population - Female","3010","Population - Est. & Proj.","2004","2004","1000 persons","66741.555","X","International reliable sources",""
"OA","Annual population","16","Bangladesh","551","Rural population","3010","Population - Est. & Proj.","2004","2004","1000 persons","104406.336","X","International reliable sources",""
"OA","Annual population","16","Bangladesh","561","Urban population","3010","Population - Est. & Proj.","2004","2004","1000 persons","36901.153","X","International reliable sources","UNDESA, Population Division – World Urbanization Prospects, the 2018 Revision"
"OA","Annual population","16","Bangladesh","511","Total Population - Both sexes","3010","Population - Est. & Proj.","2005","2005","1000 persons","139035.505","X","International reliable sources",""
"OA","Annual population","16","Bangladesh","512","Total Population - Male","3010","Population - Est. & Proj.","2005","2005","1000 persons","71221.594","X","International reliable sources",""
"OA","Annual population","16","Bangladesh","513","Total Population - Female","3010","Population - Est. & Proj.","2005","2005","1000 persons","67813.911","X","International reliable sources",""
"OA","Annual population","16","Bangladesh","551","Rural population","3010","Population - Est. & Proj.","2005","2005","1000 persons","104978.125","X","International reliable sources",""
"OA","Annual population","16","Bangladesh","561","Urban population","3010","Population - Est. & Proj.","2005","2005","1000 persons","38452.976","X","International reliable sources","UNDESA, Population Division – World Urbanization Prospects, the 2018 Revision"
"OA","Annual population","16","Bangladesh","511","Total Population - Both sexes","3010","Population - Est. & Proj.","2006","2006","1000 persons","140921.167","X","International reliable sources",""
"OA","Annual population","16","Bangladesh","512","Total Population - Male","3010","Population - Est. & Proj.","2006","2006","1000 persons","72087.511","X","International reliable sources",""
"OA","Annual population","16","Bangladesh","513","Total Population - Female","3010","Population - Est. & Proj.","2006","2006","1000 persons","68833.643","X","International reliable sources",""
"OA","Annual population","16","Bangladesh","551","Rural population","3010","Population - Est. & Proj.","2006","2006","1000 persons","105366.709","X","International reliable sources",""
"OA","Annual population","16","Bangladesh","561","Urban population","3010","Population - Est. & Proj.","2006","2006","1000 persons","40001.295","X","International reliable sources","UNDESA, Population Division – World Urbanization Prospects, the 2018 Revision"
"OA","Annual population","16","Bangladesh","511","Total Population - Both sexes","3010","Population - Est. & Proj.","2007","2007","1000 persons","142660.376","X","International reliable sources",""
"OA","Annual population","16","Bangladesh","512","Total Population - Male","3010","Population - Est. & Proj.","2007","2007","1000 persons","72855.838","X","International reliable sources",""
"OA","Annual population","16","Bangladesh","513","Total Population - Female","3010","Population - Est. & Proj.","2007","2007","1000 persons","69804.543","X","International reliable sources",""
"OA","Annual population","16","Bangladesh","551","Rural population","3010","Population - Est. & Proj.","2007","2007","1000 persons","105592.037","X","International reliable sources",""
"OA","Annual population","16","Bangladesh","561","Urban population","3010","Population - Est. & Proj.","2007","2007","1000 persons","41547.154","X","International reliable sources","UNDESA, Population Division – World Urbanization Prospects, the 2018 Revision"
"OA","Annual population","16","Bangladesh","511","Total Population - Both sexes","3010","Population - Est. & Proj.","2008","2008","1000 persons","144304.167","X","International reliable sources",""
"OA","Annual population","16","Bangladesh","512","Total Population - Male","3010","Population - Est. & Proj.","2008","2008","1000 persons","73565.712","X","International reliable sources",""
"OA","Annual population","16","Bangladesh","513","Total Population - Female","3010","Population - Est. & Proj.","2008","2008","1000 persons","70738.452","X","International reliable sources",""
"OA","Annual population","16","Bangladesh","551","Rural population","3010","Population - Est. & Proj.","2008","2008","1000 persons","105699.286","X","International reliable sources",""
"OA","Annual population","16","Bangladesh","561","Urban population","3010","Population - Est. & Proj.","2008","2008","1000 persons","43106.528","X","International reliable sources","UNDESA, Population Division – World Urbanization Prospects, the 2018 Revision"
"OA","Annual population","16","Bangladesh","511","Total Population - Both sexes","3010","Population - Est. & Proj.","2009","2009","1000 persons","145924.797","X","International reliable sources",""
"OA","Annual population","16","Bangladesh","512","Total Population - Male","3010","Population - Est. & Proj.","2009","2009","1000 persons","74272.292","X","International reliable sources",""
"OA","Annual population","16","Bangladesh","513","Total Population - Female","3010","Population - Est. & Proj.","2009","2009","1000 persons","71652.503","X","International reliable sources",""
"OA","Annual population","16","Bangladesh","551","Rural population","3010","Population - Est. & Proj.","2009","2009","1000 persons","105756.065","X","International reliable sources",""
"OA","Annual population","16","Bangladesh","561","Urban population","3010","Population - Est. & Proj.","2009","2009","1000 persons","44698.643","X","International reliable sources","UNDESA, Population Division – World Urbanization Prospects, the 2018 Revision"
"OA","Annual population","16","Bangladesh","511","Total Population - Both sexes","3010","Population - Est. & Proj.","2010","2010","1000 persons","147575.43","X","International reliable sources",""
"OA","Annual population","16","Bangladesh","512","Total Population - Male","3010","Population - Est. & Proj.","2010","2010","1000 persons","75015.692","X","International reliable sources",""
"OA","Annual population","16","Bangladesh","513","Total Population - Female","3010","Population - Est. & Proj.","2010","2010","1000 persons","72559.741","X","International reliable sources",""
"OA","Annual population","16","Bangladesh","551","Rural population","3010","Population - Est. & Proj.","2010","2010","1000 persons","105802.013","X","International reliable sources",""
"OA","Annual population","16","Bangladesh","561","Urban population","3010","Population - Est. & Proj.","2010","2010","1000 persons","46347.089","X","International reliable sources","UNDESA, Population Division – World Urbanization Prospects, the 2018 Revision"
"OA","Annual population","16","Bangladesh","511","Total Population - Both sexes","3010","Population - Est. & Proj.","2011","2011","1000 persons","149273.139","X","International reliable sources",""
"OA","Annual population","16","Bangladesh","512","Total Population - Male","3010","Population - Est. & Proj.","2011","2011","1000 persons","75809.694","X","International reliable sources",""
"OA","Annual population","16","Bangladesh","513","Total Population - Female","3010","Population - Est. & Proj.","2011","2011","1000 persons","73463.44","X","International reliable sources",""
"OA","Annual population","16","Bangladesh","551","Rural population","3010","Population - Est. & Proj.","2011","2011","1000 persons","105853.212","X","International reliable sources",""
"OA","Annual population","16","Bangladesh","561","Urban population","3010","Population - Est. & Proj.","2011","2011","1000 persons","48058.704","X","International reliable sources","UNDESA, Population Division – World Urbanization Prospects, the 2018 Revision"
"OA","Annual population","16","Bangladesh","511","Total Population - Both sexes","3010","Population - Est. & Proj.","2012","2012","1000 persons","151005.739","X","International reliable sources",""
"OA","Annual population","16","Bangladesh","512","Total Population - Male","3010","Population - Est. & Proj.","2012","2012","1000 persons","76643.893","X","International reliable sources",""
"OA","Annual population","16","Bangladesh","513","Total Population - Female","3010","Population - Est. & Proj.","2012","2012","1000 persons","74361.84","X","International reliable sources",""
"OA","Annual population","16","Bangladesh","551","Rural population","3010","Population - Est. & Proj.","2012","2012","1000 persons","105905.797","X","International reliable sources",""
"OA","Annual population","16","Bangladesh","561","Urban population","3010","Population - Est. & Proj.","2012","2012","1000 persons","49821.256","X","International reliable sources","UNDESA, Population Division – World Urbanization Prospects, the 2018 Revision"
"OA","Annual population","16","Bangladesh","511","Total Population - Both sexes","3010","Population - Est. & Proj.","2013","2013","1000 persons","152761.418","X","International reliable sources",""
"OA","Annual population","16","Bangladesh","512","Total Population - Male","3010","Population - Est. & Proj.","2013","2013","1000 persons","77504.601","X","International reliable sources",""
"OA","Annual population","16","Bangladesh","513","Total Population - Female","3010","Population - Est. & Proj.","2013","2013","1000 persons","75256.812","X","International reliable sources",""
"OA","Annual population","16","Bangladesh","551","Rural population","3010","Population - Est. & Proj.","2013","2013","1000 persons","105947.078","X","International reliable sources",""
"OA","Annual population","16","Bangladesh","561","Urban population","3010","Population - Est. & Proj.","2013","2013","1000 persons","51624.214","X","International reliable sources","UNDESA, Population Division – World Urbanization Prospects, the 2018 Revision"
"OA","Annual population","16","Bangladesh","511","Total Population - Both sexes","3010","Population - Est. & Proj.","2014","2014","1000 persons","154517.382","X","International reliable sources",""
"OA","Annual population","16","Bangladesh","512","Total Population - Male","3010","Population - Est. & Proj.","2014","2014","1000 persons","78368.22","X","International reliable sources",""
"OA","Annual population","16","Bangladesh","513","Total Population - Female","3010","Population - Est. & Proj.","2014","2014","1000 persons","76149.165","X","International reliable sources",""
"OA","Annual population","16","Bangladesh","551","Rural population","3010","Population - Est. & Proj.","2014","2014","1000 persons","105949.491","X","International reliable sources",""
"OA","Annual population","16","Bangladesh","561","Urban population","3010","Population - Est. & Proj.","2014","2014","1000 persons","53455.788","X","International reliable sources","UNDESA, Population Division – World Urbanization Prospects, the 2018 Revision"
"OA","Annual population","16","Bangladesh","511","Total Population - Both sexes","3010","Population - Est. & Proj.","2015","2015","1000 persons","156256.276","X","International reliable sources",""
"OA","Annual population","16","Bangladesh","512","Total Population - Male","3010","Population - Est. & Proj.","2015","2015","1000 persons","79217.157","X","International reliable sources",""
"OA","Annual population","16","Bangladesh","513","Total Population - Female","3010","Population - Est. & Proj.","2015","2015","1000 persons","77039.13","X","International reliable sources",""
"OA","Annual population","16","Bangladesh","551","Rural population","3010","Population - Est. & Proj.","2015","2015","1000 persons","105895.754","X","International reliable sources",""
"OA","Annual population","16","Bangladesh","561","Urban population","3010","Population - Est. & Proj.","2015","2015","1000 persons","55305.132","X","International reliable sources","UNDESA, Population Division – World Urbanization Prospects, the 2018 Revision"
"OA","Annual population","16","Bangladesh","511","Total Population - Both sexes","3010","Population - Est. & Proj.","2016","2016","1000 persons","157977.153","X","International reliable sources",""
"OA","Annual population","16","Bangladesh","512","Total Population - Male","3010","Population - Est. & Proj.","2016","2016","1000 persons","80048.91","X","International reliable sources",""
"OA","Annual population","16","Bangladesh","513","Total Population - Female","3010","Population - Est. & Proj.","2016","2016","1000 persons","77928.241","X","International reliable sources",""
"OA","Annual population","16","Bangladesh","551","Rural population","3010","Population - Est. & Proj.","2016","2016","1000 persons","105783.53","X","International reliable sources",""
"OA","Annual population","16","Bangladesh","561","Urban population","3010","Population - Est. & Proj.","2016","2016","1000 persons","57168.03","X","International reliable sources","UNDESA, Population Division – World Urbanization Prospects, the 2018 Revision"
"OA","Annual population","16","Bangladesh","511","Total Population - Both sexes","3010","Population - Est. & Proj.","2017","2017","1000 persons","159685.424","X","International reliable sources",""
"OA","Annual population","16","Bangladesh","512","Total Population - Male","3010","Population - Est. & Proj.","2017","2017","1000 persons","80869.068","X","International reliable sources",""
"OA","Annual population","16","Bangladesh","513","Total Population - Female","3010","Population - Est. & Proj.","2017","2017","1000 persons","78816.353","X","International reliable sources",""
"OA","Annual population","16","Bangladesh","551","Rural population","3010","Population - Est. & Proj.","2017","2017","1000 persons","105622.933","X","International reliable sources",""
"OA","Annual population","16","Bangladesh","561","Urban population","3010","Population - Est. & Proj.","2017","2017","1000 persons","59046.818","X","International reliable sources","UNDESA, Population Division – World Urbanization Prospects, the 2018 Revision"
"OA","Annual population","16","Bangladesh","511","Total Population - Both sexes","3010","Population - Est. & Proj.","2018","2018","1000 persons","161376.708","X","International reliable sources",""
"OA","Annual population","16","Bangladesh","512","Total Population - Male","3010","Population - Est. & Proj.","2018","2018","1000 persons","81677.117","X","International reliable sources",""
"OA","Annual population","16","Bangladesh","513","Total Population - Female","3010","Population - Est. & Proj.","2018","2018","1000 persons","79699.596","X","International reliable sources",""
"OA","Annual population","16","Bangladesh","551","Rural population","3010","Population - Est. & Proj.","2018","2018","1000 persons","105423.904","X","International reliable sources",""
"OA","Annual population","16","Bangladesh","561","Urban population","3010","Population - Est. & Proj.","2018","2018","1000 persons","60944.245","X","International reliable sources","UNDESA, Population Division – World Urbanization Prospects, the 2018 Revision"
